,Preço Atual,Preço Original,Nome do Produto,Marca,Revendedor,Link
1,"R$ 26,34","R$ 30,99",Creme de Pentear Salon Line Definição intensa,Salon Line,Amazon,https://www.amazon.com.br/Creme-para-Pentear-Defini%C3%A7%C3%A3o-Intensa/dp/B06XY64LN3/ref=asc_df_B06XY64LN3/?hvadid=379720604808&hvpos=&hvnetw=g&hvrand=4198866721376953218&hvpone=&hvptwo=&hvqmt=&hvdev=c&hvdvcmdl=&hvlocint=&hvlocphy=20089&hvtargid=pla-847518783357&psc=1&mcid=aa990eb25898303082e8a3a2f756b1e7
2,"R$ 36,99","R$ 36,99",Creme de Pentear Salon Line Definição intensa,Salon Line,Amazon / Farmácia Indiana,https://www.amazon.com.br/gp/product/B06XY64LN3/ref=ewc_pr_img_1?smid=A2IBN0SYKX7RS8&psc=1
3,"R$ 39,34","R$ 39,34",Creme de Pentear Salon Line Definição intensa,Salon Line,Amazon / Apoteca Drugstore,https://www.amazon.com.br/gp/product/B06XY64LN3/ref=ewc_pr_img_1?smid=A2SYDR897ONMRJ&psc=1
4,"R$ 54,79","R$ 54,79",Creme de Pentear Salon Line Definição intensa,Salon Line,Amazon / Doce Presença,https://www.amazon.com.br/gp/product/B06XY64LN3/ref=ewc_pr_img_2?smid=AO14R2ZFDRHPB&psc=1
5,"R$ 42,98","R$ 42,98",Creme de Pentear Salon Line Definição intensa,Salon Line,Amazon / VOBELLA,https://www.amazon.com.br/gp/product/B06XY64LN3/ref=ewc_pr_img_3?smid=A3PXEXJNOJKQCN&psc=1
6,"R$ 42,30","R$ 42,30",Creme de Pentear Salon Line Definição intensa,Salon Line,Amazon / Web Glamour Oficial,https://www.amazon.com.br/gp/product/B06XY64LN3/ref=ewc_pr_img_1?smid=A13ESDXL9VO6EU&psc=1
7,"R$ 34,00","R$ 34,00",Creme de Pentear Salon Line Definição intensa,Salon Line,Amazon / Santavenida,https://www.amazon.com.br/gp/product/B06XY64LN3/ref=ewc_pr_img_5?smid=A69VOXGNPLSZN&psc=1
8,"R$ 37,01","R$ 37,01",Creme de Pentear Salon Line Definição intensa,Salon Line,Amazon / Acesso Domesticos,https://www.amazon.com.br/gp/product/B06XY64LN3/ref=ewc_pr_img_2?smid=A3V4D7C7SLC65O&psc=1
9,"R$ 37,01","R$ 37,01",Creme de Pentear Salon Line Definição intensa,Salon Line,Amazon / Stillus Shop,https://www.amazon.com.br/gp/product/B06XY64LN3/ref=ewc_pr_img_1?smid=AWFZ3BJTGWWLD&psc=1
10,"R$ 59,39","R$ 59,39",Creme de Pentear Salon Line Definição intensa,Salon Line,Amazon / Duda Makeup,https://www.amazon.com.br/gp/product/B06XY64LN3/ref=ewc_pr_img_2?smid=A2M1PKBRT3KTMK&psc=1
11,"R$ 44,90","R$ 44,90",Creme de Pentear Salon Line Definição intensa,Salon Line,Amazon / Agora Beauty,https://www.amazon.com.br/gp/product/B06XY64LN3/ref=ewc_pr_img_2?smid=A1SLU3B7O0B17T&psc=1
12,"R$ 42,00","R$ 42,00",Creme de Pentear Salon Line Definição intensa,Salon Line,Amazon / Brilho do Ouro,https://www.amazon.com.br/gp/product/B06XY64LN3/ref=ewc_pr_img_2?smid=A28P6OTPDT8XVP&psc=1
13,"R$ 44,50","R$ 44,50",Creme de Pentear Salon Line Definição intensa,Salon Line,Amazon / Belface + Perfumaria,https://www.amazon.com.br/gp/product/B06XY64LN3/ref=ewc_pr_img_2?smid=A166I798OVG6C&psc=1
14,"R$ 47,99","R$ 47,99",Creme de Pentear Salon Line Definição intensa,Salon Line,Amazon / Perfumaria Sumirê,https://www.amazon.com.br/gp/product/B06XY64LN3/ref=ewc_pr_img_2?smid=A3KPFLT4ZU52KS&psc=1
15,"R$ 37,99","R$ 37,99",Creme de Pentear Salon Line Definição intensa,Salon Line,Amazon / Drogaria Araújo,https://www.amazon.com.br/gp/product/B06XY64LN3/ref=ewc_pr_img_2?smid=A5P55WEK4CPZ6&psc=1
16,"R$ 41,50","R$ 41,50",Creme de Pentear Salon Line Definição intensa,Salon Line,Amazon / Beleza e Perfumaria,https://www.amazon.com.br/gp/product/B06XY64LN3/ref=ewc_pr_img_2?smid=AJJ5ASO6I11N5&psc=1
17,"R$ 44,90","R$ 44,90",Creme de Pentear Salon Line Definição intensa,Salon Line,Amazon / Mundo da lele,https://www.amazon.com.br/gp/product/B06XY64LN3/ref=ewc_pr_img_2?smid=AGGFS6CFBHRJI&psc=1
18,"R$ 29,90","R$ 29,90",Creme de Pentear Salon Line Definição intensa,Salon Line,Amazon / Lojas Rede,https://www.amazon.com.br/gp/product/B06XY64LN3/ref=ewc_pr_img_2?smid=ARRUK2E09BOJ7&psc=1
19,"R$ 39,99","R$ 39,99",Creme de Pentear Salon Line Definição intensa,Salon Line,Amazon / DRC Perfumaria,https://www.amazon.com.br/gp/product/B06XY64LN3/ref=ewc_pr_img_2?smid=A15LAPTFKAAGN4&psc=1
20,"R$ 35,54","R$ 35,54",Creme de Pentear Salon Line Definição intensa,Salon Line,Amazon / RH VIANA PERFUMARIA,https://www.amazon.com.br/gp/product/B06XY64LN3/ref=ewc_pr_img_2?smid=AR7NFBEDKC8EF&psc=1
21,"R$ 34,10","R$ 34,10",Creme de Pentear Salon Line Definição intensa,Salon Line,Amazon / Salon Line,https://www.amazon.com.br/gp/product/B06XY64LN3/ref=ewc_pr_img_2?smid=A79P5TRD6YDMR&psc=1
22,"R$ 34,90","R$ 34,90",Creme de Pentear Salon Line Definição intensa,Salon Line,Della & Delle,https://www.dellaedelle.com.br/sl-cp-1kg-definicao-intensa/p
23,"R$ 33,49","R$ 33,49",Creme de Pentear Salon Line Definição intensa,Salon Line,Danny Cosmeticos,https://www.dannycosmeticos.com.br/creme-para-pentear-definicao-intensa-salon-line-1kg/p
24,"R$ 44,49","R$ 44,49",Creme de Pentear Salon Line Definição intensa,Salon Line,Shopping dos Cosméticos,https://www.shoppingdoscosmeticos.com.br/602019-creme-para-pentear-1kg-definicao-intensa---salon-line/p
25,"R$ 29,29","R$ 29,29",Creme de Pentear Salon Line Definição intensa,Salon Line,Mercado Livre / BMW Express,https://www.mercadolivre.com.br/salon-line-creme-para-pentear-definico-intensa-capilar/p/MLB19314308?matt_tool=18956390&item_id=MLB3578787247&from=gshop
26,"R$ 39,50","R$ 39,50",Creme de Pentear Salon Line Definição intensa,Salon Line,Mercado Livre / NOBBYCOSMETICOS,https://www.mercadolivre.com.br/salon-line-creme-para-pentear-definico-intensa-capilar/p/MLB19314308#reco_item_pos=0&reco_backend=odin-univb-supermarket_supermarket&reco_backend_type=low_level&reco_client=pdp-v2p&reco_id=065cd880-8484-44db-9689-1f2ff2c69a32
27,"R$ 36,99","R$ 36,99",Creme de Pentear Salon Line Definição intensa,Salon Line,Mercado Livre / RG COSMETICOS,https://www.mercadolivre.com.br/salon-line-creme-para-pentear-definico-intensa-capilar/p/MLB19314308?pdp_filters=item_id:MLB2733842698
28,"R$ 35,90","R$ 35,90",Creme de Pentear Salon Line Definição intensa,Salon Line,Mercado Livre / Natalicia_Cosmeticos,https://www.mercadolivre.com.br/salon-line-creme-para-pentear-definico-intensa-capilar/p/MLB19314308?pdp_filters=item_id:MLB3627462265
29,"R$ 36,90","R$ 36,90",Creme de Pentear Salon Line Definição intensa,Salon Line,Mercado Livre / ETO COSMETICOS,https://www.mercadolivre.com.br/salon-line-creme-para-pentear-definico-intensa-capilar/p/MLB19314308?pdp_filters=item_id:MLB3384847981
30,"R$ 39,90","R$ 39,90",Creme de Pentear Salon Line Definição intensa,Salon Line,Mercado Livre / AnaLiz Cosmeticos,https://www.mercadolivre.com.br/salon-line-creme-para-pentear-definico-intensa-capilar/p/MLB19314308?pdp_filters=item_id:MLB3845541978
31,"R$ 14,79","R$ 19,90", Pantene creme de pentear hidrata 240g ,Pantene,Drogasil,Drogasil
32,"R$ 15,54","R$ 17,27", Pantene creme de pentear hidrata 240g ,Pantene,Ultrafarma,Ultrafarma
33,"R$ 17,98","R$ 22,99", Pantene creme de pentear hidrata 240g ,Pantene,Preço Popular,Preço Popular
34,"R$ 29,99","R$ 29,99", Pantene creme de pentear hidrata 240g ,Pantene,Drogaria Araujo,Drogaria Araujo
35,"R$ 22,99","R$ 25,80", Pantene creme de pentear hidrata 240g ,Pantene,Revista Luiza,Revista Luiza
36,"R$ 14,64","R$ 22,35", Pantene creme de pentear hidrata 240g ,Pantene,Consulta Remédios,Consulta Remédios
37,"R$ 14,79","R$ 19,90", Pantene creme de pentear hidrata 240g ,Pantene,Droga Raia,Droga Raia
38,"R$ 16,47","R$ 25,00", Pantene creme de pentear hidrata 240g ,Pantene,Amazônia Brasil,Amazônia Brasil
39,"R$ 21,97","R$ 24,99", Pantene creme de pentear hidrata 240g ,Pantene,Lojas Americanas,Americanas
40,"R$ 23,00","R$ 23,90", Pantene creme de pentear hidrata 240g ,Pantene,Submarino,Submarino
41,"R$ 25,80","R$ 25,80", Pantene creme de pentear hidrata 240g ,Pantene,Shoptime,Shoptime
42,"R$ 29,99","R$ 29,99", Pantene creme de pentear hidrata 240g ,Pantene,Carrefour,Carrefour
43,"R$ 21,99","R$ 21,99", Pantene creme de pentear hidrata 240g ,Pantene,Pão de Açúcar,Pão de Açúcar
44,"R$ 55,90","R$ 55,90", Pantene creme de pentear hidrata 240g ,Pantene,Adicional,Extra
45,"R$ 21,72","R$ 21,72", Pantene creme de pentear hidrata 240g ,Pantene,Entrega Farma,Entrega Farma
46,"R$ 14,90","R$ 21,99", Pantene creme de pentear hidrata 240g ,Pantene,Panvel,Panvel
47,"R$ 19,99","R$ 21,99", Pantene creme de pentear hidrata 240g ,Pantene,Farmácia Permanente,Farmácia Permanente
48,"R$ 15,99","R$ 25,80", Pantene creme de pentear hidrata 240g ,Pantene,Drogaria Nova Esperança,Drogaria Nova Esperança
49,"R$ 17,98","R$ 17,98", Pantene creme de pentear hidrata 240g ,Pantene,Farmagora,Farmagora
50,"R$ 55,90","R$ 55,90", Pantene creme de pentear hidrata 240g ,Pantene,Casas bahia,Casas Bahia 
51,"R$ 29,99","R$ 29,99", Pantene creme de pentear hidrata 240g ,Pantene,Carrefour,Carrefour
52,"R$ 21,97","R$ 21,97", Pantene creme de pentear hidrata 240g ,Pantene,Ponto frio,Ponto frio 
53,"R$ 20,12","R$ 20,12", Pantene creme de pentear hidrata 240g ,Pantene,Beleza na web,Beleza na web
54,"R$ 22,87","R$ 22,87", Pantene creme de pentear hidrata 240g ,Pantene,Drogaria São Paulo,Drogaria SP
55,"R$ 16,99","R$ 19,00", Pantene creme de pentear hidrata 240g ,Pantene,Contato celular ,Contato celular
56,"R$ 21,39","R$ 21,39", Pantene creme de pentear hidrata 240g ,Pantene,Ya Distribuidora ,Ya Distribuidora
57,"R$ 20,99","R$ 20,99", Pantene creme de pentear hidrata 240g ,Pantene,P&G Brasil Loja Oficial By Sage’s,P&G Brasil Loja Oficial By Sage’s
58,"R$ 20,61","R$ 23,99", Pantene creme de pentear hidrata 240g ,Pantene,Lojas REDE,Lojas REDE
59,"R$ 18,99","R$ 18,99", Pantene creme de pentear hidrata 240g ,Pantene,Inova Porto Canoa ,Inova Porto Canoa 
60,"R$ 20,99","R$ 20,99", Pantene creme de pentear hidrata 240g ,Pantene,Pantene by Sage's,Pantene by Sage's
61,"R$ 8,08","R$ 9,51",Seda Creme De Pentear 300Ml Cachos Definidos,Seda,Amazon,"Seda Creme Para Pentear Cachos Comportados Definidos, Branco | Amazon.com.br"
62,"R$ 11,19","R$ 13,99",Seda Creme De Pentear 300Ml Cachos Definidos,Seda,Drogasil,https://www.drogasil.com.br/seda-creme-para-pentear-cachos-300-ml.html?gad_source=1&gclid=CjwKCAjwhvi0BhA4EiwAX25uj4ipNMB4zgoaM0D5Ii4ZqATzoHks9la1BYbvOoT8ShUQWlIQwaasIBoCvhUQAvD_BwE
63,"R$ 9,90","R$ 11,49",Seda Creme De Pentear 300Ml Cachos Definidos,Seda,Rede,https://www.lojasrede.com.br/creme-para-pentear-seda-cachos-definidos-300ml/p?idsku=110667&utm_source=google&gad_source=1&gclid=CjwKCAjwhvi0BhA4EiwAX25uj6lfCbdcOSPQTPogRE58wYQLVwgxSswUzcCn_mxe3ghDJMmZJoodkBoC3igQAvD_BwE
64,"R$ 10,99","R$ 10,99",Seda Creme De Pentear 300Ml Cachos Definidos,Seda,Droga Raia,https://www.drogaraia.com.br/creme-para-pentear-seda-cachos-definidos-300ml-737199.html?&utm_id=20820870137&gad_source=1&gclid=CjwKCAjwhvi0BhA4EiwAX25uj7mvfZc7QMFz-OmZojSKuzQcAm8xco8AMMJyxx9ZQm2v01PYiKru3hoC-jkQAvD_BwE
65,"R$ 6,20","R$ 6,20",Seda Creme De Pentear 300Ml Cachos Definidos,Seda,Essência Brasileira,https://www.essenciabrasileira.com.br/produto/seda-creme-para-pentear-cachos-definidos-300ml/?gad_source=1&gclid=CjwKCAjwhvi0BhA4EiwAX25uj3ndG2Ytzke-QG1n3CEmpFnMIDvJVfuaMXSeXieB0__wGRiSlDHPfRoC08IQAvD_BwE
66,"R$ 9,99","R$ 9,99",Seda Creme De Pentear 300Ml Cachos Definidos,Seda,AlexFarma,https://www.alexfarma.com.br/cr-pentear-seda-cachos-definidos-300ml/p?idsku=1234&gclid=CjwKCAjwhvi0BhA4EiwAX25uj4E2UzSf2SlcFbLsC0dC0CbGMF_1kqur48e3Lw3HbdKL3DY_MGg2wBoCamAQAvD_BwE
67,"R$ 9,99","R$ 9,99",Seda Creme De Pentear 300Ml Cachos Definidos,Seda,Americanas,https://www.americanas.com.br/produto/127986209/creme-para-pentear-seda-cocriacoes-cachos-definidos-frasco-300ml?offerId=6385067c42e8459f0f0f4157&opn=YSMESP&epar=bp_pl_px_go_pmax_fx2_o2o&gclsrc=aw.ds&gad_source=1&gclid=CjwKCAjwhvi0BhA4EiwAX25uj91_5dW6m6xfc0Q1pogg7VYsB9kZnAhcLYfxVWANoq9dsGSor8AD2BoCgjsQAvD_BwE
68,"R$ 9,33","R$ 9,52",Seda Creme De Pentear 300Ml Cachos Definidos,Seda,Carrefour,https://www.carrefour.com.br/creme-de-pentear-cachos-definidos-seda-300ml-mp920602599/p?utm_medium=sem&utm_source=google_pmax_3p&utm_campaign=3p_performancemax_Eletro_Seller_C&gad_source=1&gclid=CjwKCAjwhvi0BhA4EiwAX25ujwEsZPPxZzVUApNrHzW-pzJqbCkcBP5hZh7oAUkAgMv3_HoHv_0FohoCKNUQAvD_BwE
69,"R$ 10,44","R$ 12,08",Seda Creme De Pentear 300Ml Cachos Definidos,Seda,Beleza na Web,https://www.belezanaweb.com.br/seda-cachos-definidos-creme-de-pentear-300ml/?sku=55948&activebpp=on&utm_source=google&utm_medium=cpc&utm_campaign=G:BLZ:Performance-Max:Hair:All&gad_source=1&gclid=CjwKCAjwhvi0BhA4EiwAX25uj_6LKuF6NYPaKzDbOZKf1LzQZKxoNncF75BQfj2ZVpYXYiKGkqEPABoCt8oQAvD_BwE
70,"R$ 9,90","R$ 9,90",Seda Creme De Pentear 300Ml Cachos Definidos,Seda,Magalu,https://www.magazineluiza.com.br/creme-de-pentear-seda-cachos-definidos-300ml/p/be6gbjg0hg/me/cppe/?&seller_id=lojasbellacosmeticos&utm_source=google&utm_medium=pla&utm_campaign=&partner_id=68055&gclsrc=aw.ds&gclid=CjwKCAjwhvi0BhA4EiwAX25uj9MUWBcFVQ0Q8e4ulVPduJIPbVwdhGS9drnvrVNLw3fou-EZ-0UwGhoCZ6QQAvD_BwE
71,"R$ 9,99","R$ 12,99",Seda Creme De Pentear 300Ml Cachos Definidos,Seda,Pague Menos,https://www.paguemenos.com.br/creme-para-pentear-seda-cachos-definidos-300ml/p?idsku=11556&utm_source=google&utm_medium=cpc&utm_campaign=PM_Perf_Google_PMAX_Mundo-Adulto_Misto_None_AON_fundo_IHPM&gclid=CjwKCAjwhvi0BhA4EiwAX25uj5Nh83rFubwj_Afb4EbyMlD80KeGkfipgw8ho-2Mvs26z5NhpQqI3xoCV9QQAvD_BwE
72,"R$ 10,74","R$ 12,07",Seda Creme De Pentear 300Ml Cachos Definidos,Seda,Época,https://www.epocacosmeticos.com.br/seda-cachos-definidos-creme-para-pentear/p?idsku=78745&utm_content=78745&utm_medium=cpc&utm_source=google&utmi_cp=pla&gad_source=1&gclid=CjwKCAjwhvi0BhA4EiwAX25uj7hGCgFrU39Edj0e4G1HE1vCfRevKUUlGednFJDEKcyHFX9Vfcel8xoC3EcQAvD_BwE&gclsrc=aw.ds
73,"R$ 7,97","R$ 8,39",Seda Creme De Pentear 300Ml Cachos Definidos,Seda,Cigana,https://www.ciganabeleza.com.br/creme-de-pentear-seda-cachos-definidos-300ml-12979/p?utm_source=google&utm_medium=cpc&utm_campaign=pmax_geral&gad_source=1&gclid=CjwKCAjwhvi0BhA4EiwAX25ujxpQsZroIRoJkyQn_tB_3LmE6h_gSIfhSBxEYJlOZZRZluuf7vslcxoCmkoQAvD_BwE
74,"R$ 9,59","R$ 10,54",Seda Creme De Pentear 300Ml Cachos Definidos,Seda,Mercado Livre,https://www.mercadolivre.com.br/creme-para-pentear-seda-cachos-definidos-300ml/p/MLB19733759?item_id=MLB3172126760&from=gshop&matt_tool=96875919&matt_word=&matt_source=google&matt_campaign_id=14302215759&matt_ad_group_id=125382908305&matt_match_type=&matt_network=g&matt_device=c&matt_creative=539491050866&matt_keyword=&matt_ad_position=&matt_ad_type=pla&matt_merchant_id=735098660&matt_product_id=MLB19733759-product&matt_product_partition_id=2334386931277&matt_target_id=pla-2334386931277&cq_src=google_ads&cq_cmp=14302215759&cq_net=g&cq_plt=gp&cq_med=pla&gad_source=1&gclid=CjwKCAjwhvi0BhA4EiwAX25uj_8NbkZRo24cCWzXVsWTIqwPmzkBpEixXtotMOcLrAN5DC9plLLnzhoCGNUQAvD_BwE
75,"R$ 11,09","R$ 11,09",Seda Creme De Pentear 300Ml Cachos Definidos,Seda,Pacheco,https://www.drogariaspacheco.com.br/creme-para-pentear-seda-cachos-comportados-e-definidos-300ml/p?idsku=75930&utm_source=google&utm_medium=cpc&utm_campaign=google-shp&gad_source=1&gclid=CjwKCAjwhvi0BhA4EiwAX25uj2A4yvcnyvyDMA3L2AJb2yfW3j6x1weVyp4GKZzB417HayPAxLjGpRoCargQAvD_BwE
76,"R$ 14,90","R$ 14,90",Seda Creme De Pentear 300Ml Cachos Definidos,Seda,Sage's,https://www.sages.com.br/cuidados-femininos/cabelos/tratamento/creme-para-pentear-seda-cachos-definidos-300ml
77,"R$ 9,35","R$ 11,69",Seda Creme De Pentear 300Ml Cachos Definidos,Seda,Dom Olívio,https://www.emporiodomolivio.com.br/creme-para-pentear-cachos-definidos-seda-300ml/p
78,"R$ 10,49","R$ 10,49",Seda Creme De Pentear 300Ml Cachos Definidos,Seda,Ikesaki,https://www.ikesaki.com.br/creme-para-pentear-seda-cachos-comportados-300ml-9622-03/p
79,"R$ 11,90","R$ 11,90",Seda Creme De Pentear 300Ml Cachos Definidos,Seda,Giassi,https://www.giassi.com.br/creme_para_pentear_seda_cocriacoes_cachos_definidos_frasco_300ml_4594886/p
80,"R$ 9,99","R$ 9,99",Seda Creme De Pentear 300Ml Cachos Definidos,Seda,Drogafuji,https://www.drogafuji.com.br/creme-de-pentear-seda-cachos-comportados-e-definidos-300ml/p
81,"R$ 9,70","R$ 9,70",Seda Creme De Pentear 300Ml Cachos Definidos,Seda,Nobre Cestas,https://loja.cestanobre.com.br/produtos/creme-para-pentear-cachos-definidos-seda-300ml-1
82,"R$ 8,99","R$ 11,99",Seda Creme De Pentear 300Ml Cachos Definidos,Seda,Farmácia São João,https://www.saojoaofarmacias.com.br/creme-para-pentear-seda-300ml-hidraloe-cachos-7024/p?idsku=18062&utm_source=google&utm_medium=cpc&srsltid=AfmBOopx4lp-UO5x0l37gO0kNbHvDVGyTOYd4rYpzB5KoHyzmVxDX3J7xco
83,"R$ 10,69","R$ 11,37",Seda Creme De Pentear 300Ml Cachos Definidos,Seda,Farma Sesi,https://www.farmasesi.com.br/produto/171-creme-para-pentear-seda-cachos-comportados-300ml/?utm_source=google&utm_medium=googleshopping&utm_campaign=feedxml
84,"R$ 10,75","R$ 11,41",Seda Creme De Pentear 300Ml Cachos Definidos,Seda,Royal Cosméticos,https://www.royalcosmeticos.com.br/creme-para-pentear-seda-cachos-definidos-300ml/p?idsku=66612
85,"R$ 10,81","R$ 11,46",Seda Creme De Pentear 300Ml Cachos Definidos,Seda,Usifarma,https://redeusifarma.far.br/produtos/creme-de-pentear-seda-cachos-comportados-300ml-7891037000322
86,"R$ 10,87","R$ 11,50",Seda Creme De Pentear 300Ml Cachos Definidos,Seda,Compre Mais,https://www.somoscompremais.com.br/creme-para-pentear-cachos-definidos-seda-300ml-14012/p?srsltid=AfmBOopcQKKqaW9OiCjwD77JiZP8wi1OxB8xUJAwnrWw2NfJQoORoW6pm08
87,"R$ 10,92","R$ 11,54",Seda Creme De Pentear 300Ml Cachos Definidos,Seda,Prezunic,https://www.prezunic.com.br/creme-p--pentear-seda-efeito-fitagem-cocriacoes-cachos-definidos-300ml/p?idsku=2057
88,"R$ 10,98","R$ 11,58",Seda Creme De Pentear 300Ml Cachos Definidos,Seda,Drogaria Indiana,https://www.farmaciaindiana.com.br/creme-de-pentear-seda-cachos-comportados-300ml-/p
89,"R$ 11,04","R$ 11,63",Seda Creme De Pentear 300Ml Cachos Definidos,Seda,Sofí,https://www.soficosmeticos.com.br/cabelo/creme-para-pentear-seda-cachos-definidos-300ml
90,"R$ 11,10","R$ 11,67",Seda Creme De Pentear 300Ml Cachos Definidos,Seda,Panvel,https://www.panvel.com/panvel/creme-para-pentear-seda-cachos-definidos-300ml/p-367621